scenario,fold,seed,method,config,dataset,mask,months
lopo,0.0,43,fl_fedgradient,configs/parks_v1/scenarios2/config_scen2_lopo_k0_s43_fl_fedgradient,,,
lopo,0.0,43,fl_fedavg,configs/parks_v1/scenarios2/config_scen2_lopo_k0_s43_fl_fedavg,,,
lopo,0.0,43,cl80,configs/parks_v1/scenarios2/config_scen2_lopo_k0_s43_cl72,,,
lopo,1.0,43,fl_fedgradient,configs/parks_v1/scenarios2/config_scen2_lopo_k1_s43_fl_fedgradient,,,
lopo,1.0,43,fl_fedavg,configs/parks_v1/scenarios2/config_scen2_lopo_k1_s43_fl_fedavg,,,
lopo,1.0,43,cl80,configs/parks_v1/scenarios2/config_scen2_lopo_k1_s43_cl72,,,
lopo,2.0,43,fl_fedgradient,configs/parks_v1/scenarios2/config_scen2_lopo_k2_s43_fl_fedgradient,,,
lopo,2.0,43,fl_fedavg,configs/parks_v1/scenarios2/config_scen2_lopo_k2_s43_fl_fedavg,,,
lopo,2.0,43,cl80,configs/parks_v1/scenarios2/config_scen2_lopo_k2_s43_cl72,,,
lopo,3.0,43,fl_fedgradient,configs/parks_v1/scenarios2/config_scen2_lopo_k3_s43_fl_fedgradient,,,
lopo,3.0,43,fl_fedavg,configs/parks_v1/scenarios2/config_scen2_lopo_k3_s43_fl_fedavg,,,
lopo,3.0,43,cl80,configs/parks_v1/scenarios2/config_scen2_lopo_k3_s43_cl72,,,
lopo,4.0,43,fl_fedgradient,configs/parks_v1/scenarios2/config_scen2_lopo_k4_s43_fl_fedgradient,,,
lopo,4.0,43,fl_fedavg,configs/parks_v1/scenarios2/config_scen2_lopo_k4_s43_fl_fedavg,,,
lopo,4.0,43,cl80,configs/parks_v1/scenarios2/config_scen2_lopo_k4_s43_cl72,,,
lopo,0.0,44,fl_fedgradient,configs/parks_v1/scenarios2/config_scen2_lopo_k0_s44_fl_fedgradient,,,
lopo,0.0,44,fl_fedavg,configs/parks_v1/scenarios2/config_scen2_lopo_k0_s44_fl_fedavg,,,
lopo,0.0,44,cl80,configs/parks_v1/scenarios2/config_scen2_lopo_k0_s44_cl72,,,
lopo,1.0,44,fl_fedgradient,configs/parks_v1/scenarios2/config_scen2_lopo_k1_s44_fl_fedgradient,,,
lopo,1.0,44,fl_fedavg,configs/parks_v1/scenarios2/config_scen2_lopo_k1_s44_fl_fedavg,,,
lopo,1.0,44,cl80,configs/parks_v1/scenarios2/config_scen2_lopo_k1_s44_cl72,,,
lopo,2.0,44,fl_fedgradient,configs/parks_v1/scenarios2/config_scen2_lopo_k2_s44_fl_fedgradient,,,
lopo,2.0,44,fl_fedavg,configs/parks_v1/scenarios2/config_scen2_lopo_k2_s44_fl_fedavg,,,
lopo,2.0,44,cl80,configs/parks_v1/scenarios2/config_scen2_lopo_k2_s44_cl72,,,
lopo,3.0,44,fl_fedgradient,configs/parks_v1/scenarios2/config_scen2_lopo_k3_s44_fl_fedgradient,,,
lopo,3.0,44,fl_fedavg,configs/parks_v1/scenarios2/config_scen2_lopo_k3_s44_fl_fedavg,,,
lopo,3.0,44,cl80,configs/parks_v1/scenarios2/config_scen2_lopo_k3_s44_cl72,,,
lopo,4.0,44,fl_fedgradient,configs/parks_v1/scenarios2/config_scen2_lopo_k4_s44_fl_fedgradient,,,
lopo,4.0,44,fl_fedavg,configs/parks_v1/scenarios2/config_scen2_lopo_k4_s44_fl_fedavg,,,
lopo,4.0,44,cl80,configs/parks_v1/scenarios2/config_scen2_lopo_k4_s44_cl72,,,
warm,0.0,42,fl_fedgradient,configs/parks_v1/scenarios2/config_scen2_warm_k0_s42_fl_fedgradient,,,
warm,0.0,42,fl_fedavg,configs/parks_v1/scenarios2/config_scen2_warm_k0_s42_fl_fedavg,,,
warm,0.0,42,cl80,configs/parks_v1/scenarios2/config_scen2_warm_k0_s42_cl80,,,
warm,1.0,42,fl_fedgradient,configs/parks_v1/scenarios2/config_scen2_warm_k1_s42_fl_fedgradient,,,
warm,1.0,42,fl_fedavg,configs/parks_v1/scenarios2/config_scen2_warm_k1_s42_fl_fedavg,,,
warm,1.0,42,cl80,configs/parks_v1/scenarios2/config_scen2_warm_k1_s42_cl80,,,
warm,2.0,42,fl_fedgradient,configs/parks_v1/scenarios2/config_scen2_warm_k2_s42_fl_fedgradient,,,
warm,2.0,42,fl_fedavg,configs/parks_v1/scenarios2/config_scen2_warm_k2_s42_fl_fedavg,,,
warm,2.0,42,cl80,configs/parks_v1/scenarios2/config_scen2_warm_k2_s42_cl80,,,
warm,3.0,42,fl_fedgradient,configs/parks_v1/scenarios2/config_scen2_warm_k3_s42_fl_fedgradient,,,
warm,3.0,42,fl_fedavg,configs/parks_v1/scenarios2/config_scen2_warm_k3_s42_fl_fedavg,,,
warm,3.0,42,cl80,configs/parks_v1/scenarios2/config_scen2_warm_k3_s42_cl80,,,
warm,4.0,42,fl_fedgradient,configs/parks_v1/scenarios2/config_scen2_warm_k4_s42_fl_fedgradient,,,
warm,4.0,42,fl_fedavg,configs/parks_v1/scenarios2/config_scen2_warm_k4_s42_fl_fedavg,,,
warm,4.0,42,cl80,configs/parks_v1/scenarios2/config_scen2_warm_k4_s42_cl80,,,
warm,5.0,42,fl_fedgradient,configs/parks_v1/scenarios2/config_scen2_warm_k5_s42_fl_fedgradient,,,
warm,5.0,42,fl_fedavg,configs/parks_v1/scenarios2/config_scen2_warm_k5_s42_fl_fedavg,,,
warm,5.0,42,cl80,configs/parks_v1/scenarios2/config_scen2_warm_k5_s42_cl80,,,
warm,6.0,42,fl_fedgradient,configs/parks_v1/scenarios2/config_scen2_warm_k6_s42_fl_fedgradient,,,
warm,6.0,42,fl_fedavg,configs/parks_v1/scenarios2/config_scen2_warm_k6_s42_fl_fedavg,,,
warm,6.0,42,cl80,configs/parks_v1/scenarios2/config_scen2_warm_k6_s42_cl80,,,
warm,7.0,42,fl_fedgradient,configs/parks_v1/scenarios2/config_scen2_warm_k7_s42_fl_fedgradient,,,
warm,7.0,42,fl_fedavg,configs/parks_v1/scenarios2/config_scen2_warm_k7_s42_fl_fedavg,,,
warm,7.0,42,cl80,configs/parks_v1/scenarios2/config_scen2_warm_k7_s42_cl80,,,
warm,8.0,42,fl_fedgradient,configs/parks_v1/scenarios2/config_scen2_warm_k8_s42_fl_fedgradient,,,
warm,8.0,42,fl_fedavg,configs/parks_v1/scenarios2/config_scen2_warm_k8_s42_fl_fedavg,,,
warm,8.0,42,cl80,configs/parks_v1/scenarios2/config_scen2_warm_k8_s42_cl80,,,
warm,9.0,42,fl_fedgradient,configs/parks_v1/scenarios2/config_scen2_warm_k9_s42_fl_fedgradient,,,
warm,9.0,42,fl_fedavg,configs/parks_v1/scenarios2/config_scen2_warm_k9_s42_fl_fedavg,,,
warm,9.0,42,cl80,configs/parks_v1/scenarios2/config_scen2_warm_k9_s42_cl80,,,
warm,0.0,43,fl_fedgradient,configs/parks_v1/scenarios2/config_scen2_warm_k0_s43_fl_fedgradient,,,
warm,0.0,43,fl_fedavg,configs/parks_v1/scenarios2/config_scen2_warm_k0_s43_fl_fedavg,,,
warm,0.0,43,cl80,configs/parks_v1/scenarios2/config_scen2_warm_k0_s43_cl80,,,
warm,1.0,43,fl_fedgradient,configs/parks_v1/scenarios2/config_scen2_warm_k1_s43_fl_fedgradient,,,
warm,1.0,43,fl_fedavg,configs/parks_v1/scenarios2/config_scen2_warm_k1_s43_fl_fedavg,,,
warm,1.0,43,cl80,configs/parks_v1/scenarios2/config_scen2_warm_k1_s43_cl80,,,
warm,2.0,43,fl_fedgradient,configs/parks_v1/scenarios2/config_scen2_warm_k2_s43_fl_fedgradient,,,
warm,2.0,43,fl_fedavg,configs/parks_v1/scenarios2/config_scen2_warm_k2_s43_fl_fedavg,,,
warm,2.0,43,cl80,configs/parks_v1/scenarios2/config_scen2_warm_k2_s43_cl80,,,
warm,3.0,43,fl_fedgradient,configs/parks_v1/scenarios2/config_scen2_warm_k3_s43_fl_fedgradient,,,
warm,3.0,43,fl_fedavg,configs/parks_v1/scenarios2/config_scen2_warm_k3_s43_fl_fedavg,,,
warm,3.0,43,cl80,configs/parks_v1/scenarios2/config_scen2_warm_k3_s43_cl80,,,
warm,4.0,43,fl_fedgradient,configs/parks_v1/scenarios2/config_scen2_warm_k4_s43_fl_fedgradient,,,
warm,4.0,43,fl_fedavg,configs/parks_v1/scenarios2/config_scen2_warm_k4_s43_fl_fedavg,,,
warm,4.0,43,cl80,configs/parks_v1/scenarios2/config_scen2_warm_k4_s43_cl80,,,
warm,0.0,44,fl_fedgradient,configs/parks_v1/scenarios2/config_scen2_warm_k0_s44_fl_fedgradient,,,
warm,0.0,44,fl_fedavg,configs/parks_v1/scenarios2/config_scen2_warm_k0_s44_fl_fedavg,,,
warm,0.0,44,cl80,configs/parks_v1/scenarios2/config_scen2_warm_k0_s44_cl80,,,
warm,1.0,44,fl_fedgradient,configs/parks_v1/scenarios2/config_scen2_warm_k1_s44_fl_fedgradient,,,
warm,1.0,44,fl_fedavg,configs/parks_v1/scenarios2/config_scen2_warm_k1_s44_fl_fedavg,,,
warm,1.0,44,cl80,configs/parks_v1/scenarios2/config_scen2_warm_k1_s44_cl80,,,
warm,2.0,44,fl_fedgradient,configs/parks_v1/scenarios2/config_scen2_warm_k2_s44_fl_fedgradient,,,
warm,2.0,44,fl_fedavg,configs/parks_v1/scenarios2/config_scen2_warm_k2_s44_fl_fedavg,,,
warm,2.0,44,cl80,configs/parks_v1/scenarios2/config_scen2_warm_k2_s44_cl80,,,
warm,3.0,44,fl_fedgradient,configs/parks_v1/scenarios2/config_scen2_warm_k3_s44_fl_fedgradient,,,
warm,3.0,44,fl_fedavg,configs/parks_v1/scenarios2/config_scen2_warm_k3_s44_fl_fedavg,,,
warm,3.0,44,cl80,configs/parks_v1/scenarios2/config_scen2_warm_k3_s44_cl80,,,
warm,4.0,44,fl_fedgradient,configs/parks_v1/scenarios2/config_scen2_warm_k4_s44_fl_fedgradient,,,
warm,4.0,44,fl_fedavg,configs/parks_v1/scenarios2/config_scen2_warm_k4_s44_fl_fedavg,,,
warm,4.0,44,cl80,configs/parks_v1/scenarios2/config_scen2_warm_k4_s44_cl80,,,
mask,,43,fl_fedgradient,configs/parks_v1/scenarios2/config_scen2_mask_x4_none_s43_fl_fedgradient,x4,none,
mask,,43,fl_fedavg,configs/parks_v1/scenarios2/config_scen2_mask_x4_none_s43_fl_fedavg,x4,none,
mask,,43,cl80,configs/parks_v1/scenarios2/config_scen2_mask_x4_none_s43_cl80,x4,none,
mask,,44,fl_fedgradient,configs/parks_v1/scenarios2/config_scen2_mask_x4_none_s44_fl_fedgradient,x4,none,
mask,,44,fl_fedavg,configs/parks_v1/scenarios2/config_scen2_mask_x4_none_s44_fl_fedavg,x4,none,
mask,,44,cl80,configs/parks_v1/scenarios2/config_scen2_mask_x4_none_s44_cl80,x4,none,
mask,,43,fl_fedgradient,configs/parks_v1/scenarios2/config_scen2_mask_x4_market_env_s43_fl_fedgradient,x4,market_env,
mask,,43,fl_fedavg,configs/parks_v1/scenarios2/config_scen2_mask_x4_market_env_s43_fl_fedavg,x4,market_env,
mask,,43,cl80,configs/parks_v1/scenarios2/config_scen2_mask_x4_market_env_s43_cl80,x4,market_env,
mask,,44,fl_fedgradient,configs/parks_v1/scenarios2/config_scen2_mask_x4_market_env_s44_fl_fedgradient,x4,market_env,
mask,,44,fl_fedavg,configs/parks_v1/scenarios2/config_scen2_mask_x4_market_env_s44_fl_fedavg,x4,market_env,
mask,,44,cl80,configs/parks_v1/scenarios2/config_scen2_mask_x4_market_env_s44_cl80,x4,market_env,
mask,,42,fl_fedgradient,configs/parks_v1/scenarios2/config_scen2_mask_x4_market_env_grid50_s42_fl_fedgradient,x4,market_env_grid50,
mask,,42,fl_fedavg,configs/parks_v1/scenarios2/config_scen2_mask_x4_market_env_grid50_s42_fl_fedavg,x4,market_env_grid50,
mask,,42,cl80,configs/parks_v1/scenarios2/config_scen2_mask_x4_market_env_grid50_s42_cl80,x4,market_env_grid50,
mask,,43,fl_fedgradient,configs/parks_v1/scenarios2/config_scen2_mask_x4_market_env_grid50_s43_fl_fedgradient,x4,market_env_grid50,
mask,,43,fl_fedavg,configs/parks_v1/scenarios2/config_scen2_mask_x4_market_env_grid50_s43_fl_fedavg,x4,market_env_grid50,
mask,,43,cl80,configs/parks_v1/scenarios2/config_scen2_mask_x4_market_env_grid50_s43_cl80,x4,market_env_grid50,
mask,,44,fl_fedgradient,configs/parks_v1/scenarios2/config_scen2_mask_x4_market_env_grid50_s44_fl_fedgradient,x4,market_env_grid50,
mask,,44,fl_fedavg,configs/parks_v1/scenarios2/config_scen2_mask_x4_market_env_grid50_s44_fl_fedavg,x4,market_env_grid50,
mask,,44,cl80,configs/parks_v1/scenarios2/config_scen2_mask_x4_market_env_grid50_s44_cl80,x4,market_env_grid50,
scarce,,42,fl_fedgradient,configs/parks_v1/scenarios2/config_scen2_scarce_m1_s42_fl_fedgradient,,,1.0
scarce,,42,fl_fedavg,configs/parks_v1/scenarios2/config_scen2_scarce_m1_s42_fl_fedavg,,,1.0
scarce,,43,fl_fedgradient,configs/parks_v1/scenarios2/config_scen2_scarce_m1_s43_fl_fedgradient,,,1.0
scarce,,43,fl_fedavg,configs/parks_v1/scenarios2/config_scen2_scarce_m1_s43_fl_fedavg,,,1.0
scarce,,44,fl_fedgradient,configs/parks_v1/scenarios2/config_scen2_scarce_m1_s44_fl_fedgradient,,,1.0
scarce,,44,fl_fedavg,configs/parks_v1/scenarios2/config_scen2_scarce_m1_s44_fl_fedavg,,,1.0
scarce,,42,fl_fedgradient,configs/parks_v1/scenarios2/config_scen2_scarce_m3_s42_fl_fedgradient,,,3.0
scarce,,42,fl_fedavg,configs/parks_v1/scenarios2/config_scen2_scarce_m3_s42_fl_fedavg,,,3.0
scarce,,43,fl_fedgradient,configs/parks_v1/scenarios2/config_scen2_scarce_m3_s43_fl_fedgradient,,,3.0
scarce,,43,fl_fedavg,configs/parks_v1/scenarios2/config_scen2_scarce_m3_s43_fl_fedavg,,,3.0
scarce,,44,fl_fedgradient,configs/parks_v1/scenarios2/config_scen2_scarce_m3_s44_fl_fedgradient,,,3.0
scarce,,44,fl_fedavg,configs/parks_v1/scenarios2/config_scen2_scarce_m3_s44_fl_fedavg,,,3.0
