scenario,features,train_runs,seed,method,config
runs,ecmwf,06,42,fl_fedgradient,configs/parks_v1/scenarios_runs/config_scen_runs_ecmwf_tr06_s42_fl_fedgradient
runs,ecmwf,06,43,fl_fedgradient,configs/parks_v1/scenarios_runs/config_scen_runs_ecmwf_tr06_s43_fl_fedgradient
runs,ecmwf,06,44,fl_fedgradient,configs/parks_v1/scenarios_runs/config_scen_runs_ecmwf_tr06_s44_fl_fedgradient
runs,ecmwf,09,42,fl_fedgradient,configs/parks_v1/scenarios_runs/config_scen_runs_ecmwf_tr09_s42_fl_fedgradient
runs,ecmwf,09,43,fl_fedgradient,configs/parks_v1/scenarios_runs/config_scen_runs_ecmwf_tr09_s43_fl_fedgradient
runs,ecmwf,09,44,fl_fedgradient,configs/parks_v1/scenarios_runs/config_scen_runs_ecmwf_tr09_s44_fl_fedgradient
runs,ecmwf,12,42,fl_fedgradient,configs/parks_v1/scenarios_runs/config_scen_runs_ecmwf_tr12_s42_fl_fedgradient
runs,ecmwf,12,43,fl_fedgradient,configs/parks_v1/scenarios_runs/config_scen_runs_ecmwf_tr12_s43_fl_fedgradient
runs,ecmwf,12,44,fl_fedgradient,configs/parks_v1/scenarios_runs/config_scen_runs_ecmwf_tr12_s44_fl_fedgradient
runs,ecmwf,15,42,fl_fedgradient,configs/parks_v1/scenarios_runs/config_scen_runs_ecmwf_tr15_s42_fl_fedgradient
runs,ecmwf,15,43,fl_fedgradient,configs/parks_v1/scenarios_runs/config_scen_runs_ecmwf_tr15_s43_fl_fedgradient
runs,ecmwf,15,44,fl_fedgradient,configs/parks_v1/scenarios_runs/config_scen_runs_ecmwf_tr15_s44_fl_fedgradient
runs,ecmwf,all,42,fl_fedgradient,configs/parks_v1/scenarios_runs/config_scen_runs_ecmwf_trall_s42_fl_fedgradient
runs,ecmwf,all,43,fl_fedgradient,configs/parks_v1/scenarios_runs/config_scen_runs_ecmwf_trall_s43_fl_fedgradient
runs,ecmwf,all,44,fl_fedgradient,configs/parks_v1/scenarios_runs/config_scen_runs_ecmwf_trall_s44_fl_fedgradient
runs,icon,06,42,fl_fedgradient,configs/parks_v1/scenarios_runs/config_scen_runs_icon_tr06_s42_fl_fedgradient
runs,icon,06,43,fl_fedgradient,configs/parks_v1/scenarios_runs/config_scen_runs_icon_tr06_s43_fl_fedgradient
runs,icon,06,44,fl_fedgradient,configs/parks_v1/scenarios_runs/config_scen_runs_icon_tr06_s44_fl_fedgradient
runs,icon,09,42,fl_fedgradient,configs/parks_v1/scenarios_runs/config_scen_runs_icon_tr09_s42_fl_fedgradient
runs,icon,09,43,fl_fedgradient,configs/parks_v1/scenarios_runs/config_scen_runs_icon_tr09_s43_fl_fedgradient
runs,icon,09,44,fl_fedgradient,configs/parks_v1/scenarios_runs/config_scen_runs_icon_tr09_s44_fl_fedgradient
runs,icon,12,42,fl_fedgradient,configs/parks_v1/scenarios_runs/config_scen_runs_icon_tr12_s42_fl_fedgradient
runs,icon,12,43,fl_fedgradient,configs/parks_v1/scenarios_runs/config_scen_runs_icon_tr12_s43_fl_fedgradient
runs,icon,12,44,fl_fedgradient,configs/parks_v1/scenarios_runs/config_scen_runs_icon_tr12_s44_fl_fedgradient
runs,icon,15,42,fl_fedgradient,configs/parks_v1/scenarios_runs/config_scen_runs_icon_tr15_s42_fl_fedgradient
runs,icon,15,43,fl_fedgradient,configs/parks_v1/scenarios_runs/config_scen_runs_icon_tr15_s43_fl_fedgradient
runs,icon,15,44,fl_fedgradient,configs/parks_v1/scenarios_runs/config_scen_runs_icon_tr15_s44_fl_fedgradient
runs,icon,all,42,fl_fedgradient,configs/parks_v1/scenarios_runs/config_scen_runs_icon_trall_s42_fl_fedgradient
runs,icon,all,43,fl_fedgradient,configs/parks_v1/scenarios_runs/config_scen_runs_icon_trall_s43_fl_fedgradient
runs,icon,all,44,fl_fedgradient,configs/parks_v1/scenarios_runs/config_scen_runs_icon_trall_s44_fl_fedgradient
