scenario,k,seed,method,config
poolsize,1,42,fl_fedgradient,configs/parks_v1/scenarios_poolsize/config_scen_pool_k1_s42_fl_fedgradient
poolsize,1,43,fl_fedgradient,configs/parks_v1/scenarios_poolsize/config_scen_pool_k1_s43_fl_fedgradient
poolsize,1,44,fl_fedgradient,configs/parks_v1/scenarios_poolsize/config_scen_pool_k1_s44_fl_fedgradient
poolsize,2,42,fl_fedgradient,configs/parks_v1/scenarios_poolsize/config_scen_pool_k2_s42_fl_fedgradient
poolsize,2,43,fl_fedgradient,configs/parks_v1/scenarios_poolsize/config_scen_pool_k2_s43_fl_fedgradient
poolsize,2,44,fl_fedgradient,configs/parks_v1/scenarios_poolsize/config_scen_pool_k2_s44_fl_fedgradient
poolsize,5,42,fl_fedgradient,configs/parks_v1/scenarios_poolsize/config_scen_pool_k5_s42_fl_fedgradient
poolsize,5,43,fl_fedgradient,configs/parks_v1/scenarios_poolsize/config_scen_pool_k5_s43_fl_fedgradient
poolsize,5,44,fl_fedgradient,configs/parks_v1/scenarios_poolsize/config_scen_pool_k5_s44_fl_fedgradient
poolsize,20,42,fl_fedgradient,configs/parks_v1/scenarios_poolsize/config_scen_pool_k20_s42_fl_fedgradient
poolsize,20,43,fl_fedgradient,configs/parks_v1/scenarios_poolsize/config_scen_pool_k20_s43_fl_fedgradient
poolsize,20,44,fl_fedgradient,configs/parks_v1/scenarios_poolsize/config_scen_pool_k20_s44_fl_fedgradient
poolsize,40,42,fl_fedgradient,configs/parks_v1/scenarios_poolsize/config_scen_pool_k40_s42_fl_fedgradient
poolsize,40,43,fl_fedgradient,configs/parks_v1/scenarios_poolsize/config_scen_pool_k40_s43_fl_fedgradient
poolsize,40,44,fl_fedgradient,configs/parks_v1/scenarios_poolsize/config_scen_pool_k40_s44_fl_fedgradient
