scenario,months,seed,method,config,fold,dataset,mask
scarce,1.0,42,fl_fedgradient,configs/parks_v1/scenarios/config_scen_scarce_m1_s42_fl_fedgradient,,,
scarce,1.0,42,fl_fedavg,configs/parks_v1/scenarios/config_scen_scarce_m1_s42_fl_fedavg,,,
scarce,1.0,42,cl80,configs/parks_v1/scenarios/config_scen_scarce_m1_s42_cl80,,,
scarce,1.0,43,fl_fedgradient,configs/parks_v1/scenarios/config_scen_scarce_m1_s43_fl_fedgradient,,,
scarce,1.0,43,fl_fedavg,configs/parks_v1/scenarios/config_scen_scarce_m1_s43_fl_fedavg,,,
scarce,1.0,43,cl80,configs/parks_v1/scenarios/config_scen_scarce_m1_s43_cl80,,,
scarce,1.0,44,fl_fedgradient,configs/parks_v1/scenarios/config_scen_scarce_m1_s44_fl_fedgradient,,,
scarce,1.0,44,fl_fedavg,configs/parks_v1/scenarios/config_scen_scarce_m1_s44_fl_fedavg,,,
scarce,1.0,44,cl80,configs/parks_v1/scenarios/config_scen_scarce_m1_s44_cl80,,,
scarce,3.0,42,fl_fedgradient,configs/parks_v1/scenarios/config_scen_scarce_m3_s42_fl_fedgradient,,,
scarce,3.0,42,fl_fedavg,configs/parks_v1/scenarios/config_scen_scarce_m3_s42_fl_fedavg,,,
scarce,3.0,42,cl80,configs/parks_v1/scenarios/config_scen_scarce_m3_s42_cl80,,,
scarce,3.0,43,fl_fedgradient,configs/parks_v1/scenarios/config_scen_scarce_m3_s43_fl_fedgradient,,,
scarce,3.0,43,fl_fedavg,configs/parks_v1/scenarios/config_scen_scarce_m3_s43_fl_fedavg,,,
scarce,3.0,43,cl80,configs/parks_v1/scenarios/config_scen_scarce_m3_s43_cl80,,,
scarce,3.0,44,fl_fedgradient,configs/parks_v1/scenarios/config_scen_scarce_m3_s44_fl_fedgradient,,,
scarce,3.0,44,fl_fedavg,configs/parks_v1/scenarios/config_scen_scarce_m3_s44_fl_fedavg,,,
scarce,3.0,44,cl80,configs/parks_v1/scenarios/config_scen_scarce_m3_s44_cl80,,,
scarce,6.0,42,fl_fedgradient,configs/parks_v1/scenarios/config_scen_scarce_m6_s42_fl_fedgradient,,,
scarce,6.0,42,fl_fedavg,configs/parks_v1/scenarios/config_scen_scarce_m6_s42_fl_fedavg,,,
scarce,6.0,42,cl80,configs/parks_v1/scenarios/config_scen_scarce_m6_s42_cl80,,,
scarce,6.0,43,fl_fedgradient,configs/parks_v1/scenarios/config_scen_scarce_m6_s43_fl_fedgradient,,,
scarce,6.0,43,fl_fedavg,configs/parks_v1/scenarios/config_scen_scarce_m6_s43_fl_fedavg,,,
scarce,6.0,43,cl80,configs/parks_v1/scenarios/config_scen_scarce_m6_s43_cl80,,,
scarce,6.0,44,fl_fedgradient,configs/parks_v1/scenarios/config_scen_scarce_m6_s44_fl_fedgradient,,,
scarce,6.0,44,fl_fedavg,configs/parks_v1/scenarios/config_scen_scarce_m6_s44_fl_fedavg,,,
scarce,6.0,44,cl80,configs/parks_v1/scenarios/config_scen_scarce_m6_s44_cl80,,,
scarce,12.0,42,fl_fedgradient,configs/parks_v1/scenarios/config_scen_scarce_m12_s42_fl_fedgradient,,,
scarce,12.0,42,fl_fedavg,configs/parks_v1/scenarios/config_scen_scarce_m12_s42_fl_fedavg,,,
scarce,12.0,42,cl80,configs/parks_v1/scenarios/config_scen_scarce_m12_s42_cl80,,,
scarce,12.0,43,fl_fedgradient,configs/parks_v1/scenarios/config_scen_scarce_m12_s43_fl_fedgradient,,,
scarce,12.0,43,fl_fedavg,configs/parks_v1/scenarios/config_scen_scarce_m12_s43_fl_fedavg,,,
scarce,12.0,43,cl80,configs/parks_v1/scenarios/config_scen_scarce_m12_s43_cl80,,,
scarce,12.0,44,fl_fedgradient,configs/parks_v1/scenarios/config_scen_scarce_m12_s44_fl_fedgradient,,,
scarce,12.0,44,fl_fedavg,configs/parks_v1/scenarios/config_scen_scarce_m12_s44_fl_fedavg,,,
scarce,12.0,44,cl80,configs/parks_v1/scenarios/config_scen_scarce_m12_s44_cl80,,,
lopo,,42,fl_fedgradient,configs/parks_v1/scenarios/config_scen_lopo_k0_fl_fedgradient,0.0,,
lopo,,42,fl_fedavg,configs/parks_v1/scenarios/config_scen_lopo_k0_fl_fedavg,0.0,,
lopo,,42,cl80,configs/parks_v1/scenarios/config_scen_lopo_k0_cl72,0.0,,
lopo,,42,fl_fedgradient,configs/parks_v1/scenarios/config_scen_lopo_k1_fl_fedgradient,1.0,,
lopo,,42,fl_fedavg,configs/parks_v1/scenarios/config_scen_lopo_k1_fl_fedavg,1.0,,
lopo,,42,cl80,configs/parks_v1/scenarios/config_scen_lopo_k1_cl72,1.0,,
lopo,,42,fl_fedgradient,configs/parks_v1/scenarios/config_scen_lopo_k2_fl_fedgradient,2.0,,
lopo,,42,fl_fedavg,configs/parks_v1/scenarios/config_scen_lopo_k2_fl_fedavg,2.0,,
lopo,,42,cl80,configs/parks_v1/scenarios/config_scen_lopo_k2_cl72,2.0,,
lopo,,42,fl_fedgradient,configs/parks_v1/scenarios/config_scen_lopo_k3_fl_fedgradient,3.0,,
lopo,,42,fl_fedavg,configs/parks_v1/scenarios/config_scen_lopo_k3_fl_fedavg,3.0,,
lopo,,42,cl80,configs/parks_v1/scenarios/config_scen_lopo_k3_cl72,3.0,,
lopo,,42,fl_fedgradient,configs/parks_v1/scenarios/config_scen_lopo_k4_fl_fedgradient,4.0,,
lopo,,42,fl_fedavg,configs/parks_v1/scenarios/config_scen_lopo_k4_fl_fedavg,4.0,,
lopo,,42,cl80,configs/parks_v1/scenarios/config_scen_lopo_k4_cl72,4.0,,
lopo,,42,fl_fedgradient,configs/parks_v1/scenarios/config_scen_lopo_k5_fl_fedgradient,5.0,,
lopo,,42,fl_fedavg,configs/parks_v1/scenarios/config_scen_lopo_k5_fl_fedavg,5.0,,
lopo,,42,cl80,configs/parks_v1/scenarios/config_scen_lopo_k5_cl72,5.0,,
lopo,,42,fl_fedgradient,configs/parks_v1/scenarios/config_scen_lopo_k6_fl_fedgradient,6.0,,
lopo,,42,fl_fedavg,configs/parks_v1/scenarios/config_scen_lopo_k6_fl_fedavg,6.0,,
lopo,,42,cl80,configs/parks_v1/scenarios/config_scen_lopo_k6_cl72,6.0,,
lopo,,42,fl_fedgradient,configs/parks_v1/scenarios/config_scen_lopo_k7_fl_fedgradient,7.0,,
lopo,,42,fl_fedavg,configs/parks_v1/scenarios/config_scen_lopo_k7_fl_fedavg,7.0,,
lopo,,42,cl80,configs/parks_v1/scenarios/config_scen_lopo_k7_cl72,7.0,,
lopo,,42,fl_fedgradient,configs/parks_v1/scenarios/config_scen_lopo_k8_fl_fedgradient,8.0,,
lopo,,42,fl_fedavg,configs/parks_v1/scenarios/config_scen_lopo_k8_fl_fedavg,8.0,,
lopo,,42,cl80,configs/parks_v1/scenarios/config_scen_lopo_k8_cl72,8.0,,
lopo,,42,fl_fedgradient,configs/parks_v1/scenarios/config_scen_lopo_k9_fl_fedgradient,9.0,,
lopo,,42,fl_fedavg,configs/parks_v1/scenarios/config_scen_lopo_k9_fl_fedavg,9.0,,
lopo,,42,cl80,configs/parks_v1/scenarios/config_scen_lopo_k9_cl72,9.0,,
mask,,42,fl_fedgradient,configs/parks_v1/scenarios/config_scen_mask_x1_all_fl_fedgradient,,x1,all
mask,,42,fl_fedavg,configs/parks_v1/scenarios/config_scen_mask_x1_all_fl_fedavg,,x1,all
mask,,42,cl80,configs/parks_v1/scenarios/config_scen_mask_x1_all_cl80,,x1,all
mask,,42,fl_fedgradient,configs/parks_v1/scenarios/config_scen_mask_x1_market_env_fl_fedgradient,,x1,market_env
mask,,42,fl_fedavg,configs/parks_v1/scenarios/config_scen_mask_x1_market_env_fl_fedavg,,x1,market_env
mask,,42,cl80,configs/parks_v1/scenarios/config_scen_mask_x1_market_env_cl80,,x1,market_env
mask,,42,fl_fedgradient,configs/parks_v1/scenarios/config_scen_mask_x4_all_fl_fedgradient,,x4,all
mask,,42,fl_fedavg,configs/parks_v1/scenarios/config_scen_mask_x4_all_fl_fedavg,,x4,all
mask,,42,cl80,configs/parks_v1/scenarios/config_scen_mask_x4_all_cl80,,x4,all
mask,,42,fl_fedgradient,configs/parks_v1/scenarios/config_scen_mask_x4_market_env_fl_fedgradient,,x4,market_env
mask,,42,fl_fedavg,configs/parks_v1/scenarios/config_scen_mask_x4_market_env_fl_fedavg,,x4,market_env
mask,,42,cl80,configs/parks_v1/scenarios/config_scen_mask_x4_market_env_cl80,,x4,market_env
mask,,42,fl_fedgradient,configs/parks_v1/scenarios/config_scen_mask_x4_none_fl_fedgradient,,x4,none
mask,,42,fl_fedavg,configs/parks_v1/scenarios/config_scen_mask_x4_none_fl_fedavg,,x4,none
mask,,42,cl80,configs/parks_v1/scenarios/config_scen_mask_x4_none_cl80,,x4,none
