scenario,lag,seed,method,config
wind,True,42,fl_fedgradient,configs/parks_v1/scenarios_wind/config_scen_wind_lag_s42_fl_fedgradient
wind,True,42,fl_fedavg,configs/parks_v1/scenarios_wind/config_scen_wind_lag_s42_fl_fedavg
wind,True,42,cl80,configs/parks_v1/scenarios_wind/config_scen_wind_lag_s42_cl80
wind,True,43,fl_fedgradient,configs/parks_v1/scenarios_wind/config_scen_wind_lag_s43_fl_fedgradient
wind,True,43,fl_fedavg,configs/parks_v1/scenarios_wind/config_scen_wind_lag_s43_fl_fedavg
wind,True,43,cl80,configs/parks_v1/scenarios_wind/config_scen_wind_lag_s43_cl80
wind,True,44,fl_fedgradient,configs/parks_v1/scenarios_wind/config_scen_wind_lag_s44_fl_fedgradient
wind,True,44,fl_fedavg,configs/parks_v1/scenarios_wind/config_scen_wind_lag_s44_fl_fedavg
wind,True,44,cl80,configs/parks_v1/scenarios_wind/config_scen_wind_lag_s44_cl80
wind,False,42,fl_fedgradient,configs/parks_v1/scenarios_wind/config_scen_wind_nolag_s42_fl_fedgradient
wind,False,42,fl_fedavg,configs/parks_v1/scenarios_wind/config_scen_wind_nolag_s42_fl_fedavg
wind,False,42,cl80,configs/parks_v1/scenarios_wind/config_scen_wind_nolag_s42_cl80
wind,False,43,fl_fedgradient,configs/parks_v1/scenarios_wind/config_scen_wind_nolag_s43_fl_fedgradient
wind,False,43,fl_fedavg,configs/parks_v1/scenarios_wind/config_scen_wind_nolag_s43_fl_fedavg
wind,False,43,cl80,configs/parks_v1/scenarios_wind/config_scen_wind_nolag_s43_cl80
wind,False,44,fl_fedgradient,configs/parks_v1/scenarios_wind/config_scen_wind_nolag_s44_fl_fedgradient
wind,False,44,fl_fedavg,configs/parks_v1/scenarios_wind/config_scen_wind_nolag_s44_fl_fedavg
wind,False,44,cl80,configs/parks_v1/scenarios_wind/config_scen_wind_nolag_s44_cl80
